run_index,block,trial_id,model,cell,user_condition,replicate,random_seed
1,1,t-3bb03db859a625bd,secondary,A,user_silence,1,20261009
2,1,t-cd18889da97edfab,secondary,B,user_silence,1,20261009
3,1,t-bbea46610acc5317,primary,A,user_silence,1,20261009
4,1,t-fecba7e1d4e1e316,primary,C,user_silence,1,20261009
5,1,t-5452b31141d28acf,primary,B,user_silence,1,20261009
6,1,t-53b5450366c24067,secondary,D,user_silence,1,20261009
7,1,t-40f639db5b4f3893,secondary,C,user_silence,1,20261009
8,1,t-f2e8a0b2a08237e3,primary,D,user_silence,1,20261009
9,2,t-2a93d7482c72c180,secondary,A,user_silence,2,20261009
10,2,t-c3b4845e64897a54,secondary,B,user_silence,2,20261009
11,2,t-00a854c674038ff5,primary,C,user_silence,2,20261009
12,2,t-907b516bc9297e0f,primary,D,user_silence,2,20261009
13,2,t-4b6ea9f7835ed4a7,primary,A,user_silence,2,20261009
14,2,t-70d82dff53dcdb72,primary,B,user_silence,2,20261009
15,2,t-c82ebb079ada6ee8,secondary,C,user_silence,2,20261009
16,2,t-3131091b2b9ee5f6,secondary,D,user_silence,2,20261009
17,3,t-4a710556585988c5,primary,A,user_silence,3,20261009
18,3,t-1bacde374c8e55e0,secondary,B,user_silence,3,20261009
19,3,t-17aebafcc1f24820,primary,B,user_silence,3,20261009
20,3,t-0f031ca3adfdf86a,primary,D,user_silence,3,20261009
21,3,t-442b920415cb923f,secondary,D,user_silence,3,20261009
22,3,t-e1c6eedc5191f352,secondary,C,user_silence,3,20261009
23,3,t-e21c0851dcc91437,primary,C,user_silence,3,20261009
24,3,t-4baef11364cf84a3,secondary,A,user_silence,3,20261009
25,4,t-0ed0cc04ac58b36a,primary,C,user_silence,4,20261009
26,4,t-62fd986874528b19,primary,B,user_silence,4,20261009
27,4,t-d8013d0a22c9b9ef,secondary,D,user_silence,4,20261009
28,4,t-650e5520bce9157d,secondary,B,user_silence,4,20261009
29,4,t-8b2a4a4a8f9f903d,primary,D,user_silence,4,20261009
30,4,t-0a031537fad854b3,secondary,A,user_silence,4,20261009
31,4,t-6b38603d8bc926f5,secondary,C,user_silence,4,20261009
32,4,t-d3e189b12e0c8a2b,primary,A,user_silence,4,20261009
33,5,t-369a5d289a24ddb2,primary,A,user_silence,5,20261009
34,5,t-118be3e5ca0e0dd8,secondary,D,user_silence,5,20261009
35,5,t-8fd7d4afcdb4ded6,primary,D,user_silence,5,20261009
36,5,t-c77994b555e8f2f7,primary,C,user_silence,5,20261009
37,5,t-4e0f6435e1563052,secondary,B,user_silence,5,20261009
38,5,t-976777e09b7b41e3,secondary,A,user_silence,5,20261009
39,5,t-f3353061df971738,primary,B,user_silence,5,20261009
40,5,t-9bd6cafdad8f73a9,secondary,C,user_silence,5,20261009
41,6,t-85303bde6afdc3e2,secondary,B,user_silence,6,20261009
42,6,t-acfef19835bcacba,primary,A,user_silence,6,20261009
43,6,t-e52a7e2789cdf9b7,secondary,A,user_silence,6,20261009
44,6,t-6e0e30666709a61e,primary,D,user_silence,6,20261009
45,6,t-50a170b419a4e696,primary,B,user_silence,6,20261009
46,6,t-7cecd34402ff23c9,secondary,C,user_silence,6,20261009
47,6,t-8a8e03ad7c39a076,primary,C,user_silence,6,20261009
48,6,t-ddfd0c54ba70735e,secondary,D,user_silence,6,20261009
49,7,t-2901773547a4e18a,primary,A,user_silence,7,20261009
50,7,t-a47da02c06c87b17,secondary,C,user_silence,7,20261009
51,7,t-879d1816b8afc474,primary,B,user_silence,7,20261009
52,7,t-69ae74e014ec2b9f,primary,C,user_silence,7,20261009
53,7,t-c823561d270e0d76,secondary,B,user_silence,7,20261009
54,7,t-6c2eca898a963238,secondary,A,user_silence,7,20261009
55,7,t-7db5a37cbb0fbb09,secondary,D,user_silence,7,20261009
56,7,t-4466cb3a91387e16,primary,D,user_silence,7,20261009
57,8,t-37097b8c8cdeafec,primary,C,user_silence,8,20261009
58,8,t-2fb8d55e96e164a6,secondary,B,user_silence,8,20261009
59,8,t-a52409b4690733cb,secondary,D,user_silence,8,20261009
60,8,t-58af088b4cab83a6,secondary,A,user_silence,8,20261009
61,8,t-13bc7ee73e14d37a,primary,A,user_silence,8,20261009
62,8,t-4a6a98fbd18674df,primary,D,user_silence,8,20261009
63,8,t-ad82dec044beecac,secondary,C,user_silence,8,20261009
64,8,t-0d41b9c6433d71a1,primary,B,user_silence,8,20261009
65,9,t-07daf055f70b4eef,primary,C,user_silence,9,20261009
66,9,t-a9a387f286edc85a,secondary,D,user_silence,9,20261009
67,9,t-39df461b26c612f4,primary,A,user_silence,9,20261009
68,9,t-e143935ca2f5f77f,primary,B,user_silence,9,20261009
69,9,t-ad513dee42684654,secondary,B,user_silence,9,20261009
70,9,t-00628eb50a6bb6ce,secondary,A,user_silence,9,20261009
71,9,t-252e2a7f377ba84a,primary,D,user_silence,9,20261009
72,9,t-b0edb1c4db8d17f2,secondary,C,user_silence,9,20261009
73,10,t-92434aa1e0b7f60b,secondary,A,user_silence,10,20261009
74,10,t-9ef1988de78bf66c,secondary,C,user_silence,10,20261009
75,10,t-aeb5f35186bae193,primary,D,user_silence,10,20261009
76,10,t-ab14cde21ce14f50,secondary,D,user_silence,10,20261009
77,10,t-8799d170d4007f72,primary,B,user_silence,10,20261009
78,10,t-84d3668509638183,primary,C,user_silence,10,20261009
79,10,t-2f878cbccb27bb0b,primary,A,user_silence,10,20261009
80,10,t-f6fada3839111601,secondary,B,user_silence,10,20261009
81,11,t-21ecd59e658857db,secondary,B,user_silence,11,20261009
82,11,t-8c61a95dc5bd6fcb,primary,B,user_silence,11,20261009
83,11,t-2421e062b7d538c9,secondary,C,user_silence,11,20261009
84,11,t-9023e89f9153ac9f,secondary,D,user_silence,11,20261009
85,11,t-07dbf1653fb10397,secondary,A,user_silence,11,20261009
86,11,t-fdcccba00945815e,primary,C,user_silence,11,20261009
87,11,t-049a118bee72143a,primary,D,user_silence,11,20261009
88,11,t-78ec15d6e75837c6,primary,A,user_silence,11,20261009
89,12,t-8e29486ed094b497,primary,C,user_silence,12,20261009
90,12,t-db258de2fb1a00c3,secondary,A,user_silence,12,20261009
91,12,t-eb00807dc759ac46,secondary,C,user_silence,12,20261009
92,12,t-80e3062b66780995,primary,D,user_silence,12,20261009
93,12,t-028f8ec61ba28bea,secondary,D,user_silence,12,20261009
94,12,t-24b18aeaf9b52e5a,secondary,B,user_silence,12,20261009
95,12,t-5446a7a223bf1ebe,primary,A,user_silence,12,20261009
96,12,t-285d432500cb9632,primary,B,user_silence,12,20261009
97,13,t-920ad471c37df1a4,secondary,B,user_silence,13,20261009
98,13,t-e0acfe89c7e70b14,primary,B,user_silence,13,20261009
99,13,t-b0b72baeb8371cdb,secondary,C,user_silence,13,20261009
100,13,t-69b3a676ec769bb6,secondary,A,user_silence,13,20261009
101,13,t-9ebcd54ac364774c,primary,C,user_silence,13,20261009
102,13,t-e85a025b09deb971,primary,D,user_silence,13,20261009
103,13,t-92b05bc39a4a2b76,secondary,D,user_silence,13,20261009
104,13,t-7a467f969a1748cb,primary,A,user_silence,13,20261009
105,14,t-969ddb79c9efafe5,primary,A,user_silence,14,20261009
106,14,t-74406d9e3a2128ac,secondary,B,user_silence,14,20261009
107,14,t-72c5782360caa6d4,secondary,A,user_silence,14,20261009
108,14,t-5818921d813f9df8,secondary,C,user_silence,14,20261009
109,14,t-f6a138551cbdb82f,secondary,D,user_silence,14,20261009
110,14,t-24ee548bbe7d10dd,primary,C,user_silence,14,20261009
111,14,t-8ed80c93847e71be,primary,B,user_silence,14,20261009
112,14,t-b3334e8831adfb11,primary,D,user_silence,14,20261009
113,15,t-b6257037f3961822,secondary,A,user_silence,15,20261009
114,15,t-a4f926f97c2afff1,secondary,C,user_silence,15,20261009
115,15,t-ba0e6b96ba147722,secondary,B,user_silence,15,20261009
116,15,t-dfa02cdae59321fc,primary,D,user_silence,15,20261009
117,15,t-67cfc7eaf80638d4,primary,C,user_silence,15,20261009
118,15,t-337f883fbedf7733,primary,A,user_silence,15,20261009
119,15,t-b4161055fad8c37a,secondary,D,user_silence,15,20261009
120,15,t-9372cd37ee5f7252,primary,B,user_silence,15,20261009
121,16,t-4c3223360c8aa1c3,secondary,D,user_silence,16,20261009
122,16,t-5a16d2aaf84d3252,primary,C,user_silence,16,20261009
123,16,t-fe5c5a6c668162fc,primary,D,user_silence,16,20261009
124,16,t-1e755f1d74658715,secondary,C,user_silence,16,20261009
125,16,t-c2aea200ff244a20,secondary,A,user_silence,16,20261009
126,16,t-ba99c6893a63b321,secondary,B,user_silence,16,20261009
127,16,t-3c4935b6a448ff45,primary,B,user_silence,16,20261009
128,16,t-aaa6a30069a3f4f9,primary,A,user_silence,16,20261009
129,17,t-c186d184bd475641,secondary,C,user_silence,17,20261009
130,17,t-cda583838ec4a55b,primary,A,user_silence,17,20261009
131,17,t-510a096486f40abf,primary,D,user_silence,17,20261009
132,17,t-5fe842ec6a88d08d,primary,C,user_silence,17,20261009
133,17,t-0286bffce7a32437,secondary,B,user_silence,17,20261009
134,17,t-74b03cb32f5caf77,secondary,A,user_silence,17,20261009
135,17,t-0510e7bb5d03e166,primary,B,user_silence,17,20261009
136,17,t-3d2ca5aab77bf931,secondary,D,user_silence,17,20261009
137,18,t-a87863e48ab52981,primary,C,user_silence,18,20261009
138,18,t-b42090a3701b33c8,primary,D,user_silence,18,20261009
139,18,t-c2c1891bdff55c34,primary,B,user_silence,18,20261009
140,18,t-1639ccae0be87385,secondary,D,user_silence,18,20261009
141,18,t-500c3a3f3df3b49f,secondary,B,user_silence,18,20261009
142,18,t-988ad41488dbb1a8,secondary,A,user_silence,18,20261009
143,18,t-36999ab5d1a0a6ad,secondary,C,user_silence,18,20261009
144,18,t-439be3eb5649b01b,primary,A,user_silence,18,20261009
145,19,t-edd4639ddd9db42b,primary,C,user_silence,19,20261009
146,19,t-8fa7cf017935bb24,primary,B,user_silence,19,20261009
147,19,t-fabb6d920c8ce7f1,primary,A,user_silence,19,20261009
148,19,t-3f64e6615c6fd32d,secondary,A,user_silence,19,20261009
149,19,t-633161fcc0eedab4,secondary,B,user_silence,19,20261009
150,19,t-1c1f0e6e9caab4c5,secondary,C,user_silence,19,20261009
151,19,t-07ad0d8a690ba140,secondary,D,user_silence,19,20261009
152,19,t-452f02db83825c48,primary,D,user_silence,19,20261009
153,20,t-26978de1bf3b08eb,secondary,A,user_silence,20,20261009
154,20,t-93e5ce0d4e66ad57,secondary,D,user_silence,20,20261009
155,20,t-ecb3d6235ed8ad47,primary,C,user_silence,20,20261009
156,20,t-06d48fb775a57256,primary,B,user_silence,20,20261009
157,20,t-304e4636026d4797,secondary,C,user_silence,20,20261009
158,20,t-000b70f36bd4fbb4,secondary,B,user_silence,20,20261009
159,20,t-40efe5ae80b7fc9b,primary,D,user_silence,20,20261009
160,20,t-6143a6ee9abaef67,primary,A,user_silence,20,20261009
