reserve_index,block,trial_id,source_trial_id,arm_code,user_condition,replicate,random_seed
1,2,t-24ad7e8725141a41,t-374fdfb27b80c493,arm_tywv,user_silence,2,1113021630
2,5,t-98d5f6bc59bbb42f,t-15a53cde7b24129a,arm_xzgm,user_silence,5,1113021630
3,8,t-4f59ced8dc45c1f8,t-c55a4b6ef26eb17a,arm_xzgm,user_silence,8,1113021630
4,11,t-8659f41343520c15,t-097b929184e012ec,arm_tywv,user_silence,11,1113021630
5,3,t-a47686c33b68c120,t-9f16d32c77c5e86b,arm_tywv,user_silence,3,1113021630
6,18,t-a309a6f41bcdf336,t-18ab695188dae531,arm_xzgm,user_silence,18,1113021630
7,18,t-19b2fd1ff9b4b924,t-c3f544356cb997f7,arm_tywv,user_silence,18,1113021630
8,13,t-6fde0ab21ab89333,t-46ac5c77a89c84c3,arm_tywv,user_silence,13,1113021630
9,17,t-66d6e3f67adf381c,t-c4d1f1e83b728976,arm_xzgm,user_silence,17,1113021630
10,9,t-4644be108f994328,t-f3740058cf53ce51,arm_xzgm,user_silence,9,1113021630
11,5,t-6c115aaf6ee20ad4,t-ac1ab87b9c6b0f3a,arm_tywv,user_silence,5,1113021630
12,19,t-c516871f0c6761af,t-c08f573cec114fc0,arm_tywv,user_silence,19,1113021630
13,2,t-3e20fd52c3b67e81,t-f4bf1dac3eb5c218,arm_xzgm,user_silence,2,1113021630
14,1,t-5485218cbf9af9ea,t-a5d90365429ff2be,arm_tywv,user_silence,1,1113021630
15,13,t-a69c110954e125df,t-64ddb055cec15e3a,arm_xzgm,user_silence,13,1113021630
16,14,t-b4c1a4b901cfdbed,t-1239d53f060125ba,arm_xzgm,user_silence,14,1113021630
17,6,t-c6d1ec6ac03bd723,t-db5258e621b50bcd,arm_xzgm,user_silence,6,1113021630
18,15,t-b120636405654c85,t-e4b6d23cbdd61c96,arm_tywv,user_silence,15,1113021630
19,20,t-19f54cea1bfac377,t-d64be5c52942f543,arm_xzgm,user_silence,20,1113021630
20,1,t-1f5f6064c7dcb5e0,t-2246d35ee33bcfc9,arm_xzgm,user_silence,1,1113021630
21,16,t-2d3187635b12b8cc,t-57c406a9dbfbadc8,arm_xzgm,user_silence,16,1113021630
22,7,t-0983c787dfca08aa,t-892b8fc95351939e,arm_xzgm,user_silence,7,1113021630
23,16,t-bde04a118287c8ae,t-9b3e24f524ed72ff,arm_tywv,user_silence,16,1113021630
24,10,t-b2d0e3c58f5d565f,t-673c3efdb512b48e,arm_tywv,user_silence,10,1113021630
25,12,t-130d23bfe8af7974,t-911cb751fd6fe3bb,arm_tywv,user_silence,12,1113021630
26,3,t-23314cfe51dce2fc,t-d72846deee98e993,arm_xzgm,user_silence,3,1113021630
27,17,t-c31ce1c9c1ed67a9,t-f3fc3c22c792d395,arm_tywv,user_silence,17,1113021630
28,8,t-35aa365237ea1c6c,t-672a43dcece55841,arm_tywv,user_silence,8,1113021630
29,15,t-db2e826089095382,t-1a1d973a8c76a6a6,arm_xzgm,user_silence,15,1113021630
30,7,t-c98af1f427a95761,t-639f9a1451d1c71f,arm_tywv,user_silence,7,1113021630
31,9,t-6b3662a1551bf793,t-b23e7020eaf17f0b,arm_tywv,user_silence,9,1113021630
32,12,t-433d829eae113d9b,t-f3466add34922833,arm_xzgm,user_silence,12,1113021630
33,19,t-497a28eafb29a35a,t-9fc186c5d3455f41,arm_xzgm,user_silence,19,1113021630
34,6,t-5eab73f0bc766b1c,t-0d9330d043cc49de,arm_tywv,user_silence,6,1113021630
35,14,t-8cb5ab4ddaa06b26,t-51bad12630ee6156,arm_tywv,user_silence,14,1113021630
36,4,t-0982a21830ce713e,t-e62de0ed9e2f959c,arm_tywv,user_silence,4,1113021630
37,11,t-3143f7541f9ae401,t-8ec05085b175ea9a,arm_xzgm,user_silence,11,1113021630
38,20,t-f536f47b3bd5def4,t-5906a1a46c6824a3,arm_tywv,user_silence,20,1113021630
39,10,t-343de55906c8495b,t-efbe854502779e98,arm_xzgm,user_silence,10,1113021630
40,4,t-875f8a7a5ce936fe,t-95b09d53b4ddf50e,arm_xzgm,user_silence,4,1113021630
