slot_id,model_key,cell,user_condition,target_relative_path,payload_reference_trial_id,expected_payload_sha256
t-2d1ee26d2bb355b3,secondary,C,user_silence,typical_v2/mechanism_gate/t-1e755f1d74658715.txt,t-1e755f1d74658715,f67a0acc07679c2aaf2fb8fc853ed2128f43b7cab8274fc9a912fcdf6838954a
t-d6c15004b0960ece,primary,C,user_silence,typical_v2/mechanism_gate/t-c77994b555e8f2f7.txt,t-c77994b555e8f2f7,9ffbfb37aec701264d22121e753dce9fde2b5fae49200dc894c8b62066c5f5ab
t-c73396418b9a14dc,secondary,C,user_silence,typical_v2/mechanism_gate/t-e1c6eedc5191f352.txt,t-e1c6eedc5191f352,6b7201503e454fe96d393967257018b45031c79238aeaa450d4268810ab71bf1
t-252656e4c0effb81,primary,C,user_silence,typical_v2/mechanism_gate/t-fdcccba00945815e.txt,t-fdcccba00945815e,648c50df8f10ad26ce8958064b5ea65f2445b7f8f2a0e2d3872b72e024bb40a3
t-dd19574c3c011b8b,secondary,C,user_silence,typical_v2/mechanism_gate/t-2421e062b7d538c9.txt,t-2421e062b7d538c9,65146364b68c25659f97718094630b92f1fef7d6a9f16b3ad0a4aafe824f3a96
t-6da75a9847d067f2,primary,C,user_silence,typical_v2/mechanism_gate/t-9ebcd54ac364774c.txt,t-9ebcd54ac364774c,740328fa7da7e6b7c53534406be35e1755b5e7caf0207ed74b5a1f554fe604aa
t-ce9c37b512a4c033,primary,C,user_silence,typical_v2/mechanism_gate/t-07daf055f70b4eef.txt,t-07daf055f70b4eef,41ac816a0c3d38456a5be86ef3529dee60796fa328ef5dc31d731b163e5dabe2
t-a44c04a3748e369e,secondary,C,user_silence,typical_v2/mechanism_gate/t-9ef1988de78bf66c.txt,t-9ef1988de78bf66c,ceaa7e51f07bb42bf4e4dbd5a4b65d915a488e8b484e594787c30191cc4c6822
t-d12358481aecf1e0,secondary,C,user_silence,typical_v2/mechanism_gate/t-5818921d813f9df8.txt,t-5818921d813f9df8,4d44b09d4ba8e63ba81cd016d1caaba45807531a38e2469704c21999fbfacdf2
t-86a0d445221b80c4,primary,C,user_silence,typical_v2/mechanism_gate/t-5fe842ec6a88d08d.txt,t-5fe842ec6a88d08d,edb1390d38a232e7319e8d3f4cda2b72f8ceae60588aeeac6d0f3b7cbb3e401f
t-4b0b222871bca8fe,primary,C,user_silence,typical_v2/mechanism_gate/t-24ee548bbe7d10dd.txt,t-24ee548bbe7d10dd,00bdeacbebec720a398654276a7db94b51092a9855460cd566f6898a3f3b44db
t-1f2af35aeae4b713,secondary,C,user_silence,typical_v2/mechanism_gate/t-7cecd34402ff23c9.txt,t-7cecd34402ff23c9,439a15efabfaccdd66dc1f24cd2086bec75cb009c2128d695c2e00e6fc21eb5b
t-f48d021db80f98ce,primary,C,user_silence,typical_v2/mechanism_gate/t-0ed0cc04ac58b36a.txt,t-0ed0cc04ac58b36a,d9aa44439b7407fff33b7a54810e6876593a1068d7576bb294f5d997d930ec21
t-75b14575698a8a9b,secondary,C,user_silence,typical_v2/mechanism_gate/t-eb00807dc759ac46.txt,t-eb00807dc759ac46,d0015f850d28b63daf1d1b9fc326f260b2fd3c0c731dab7d17e163e122ac2d85
t-61eb0c5d6b3f844b,secondary,C,user_silence,typical_v2/mechanism_gate/t-304e4636026d4797.txt,t-304e4636026d4797,9fbfb6cf8201982b60ab2b98c1772cd4e04c28218e5dc8191b8105eb3d26c1f8
t-1909174c343bdb62,primary,C,user_silence,typical_v2/mechanism_gate/t-67cfc7eaf80638d4.txt,t-67cfc7eaf80638d4,f6dd2707ea8b62ac30efa3c94cb18b9a0ff8e9ca7c1e4a3c8511296c30afd672
t-8dffa5419a79a093,primary,C,user_silence,typical_v2/mechanism_gate/t-5a16d2aaf84d3252.txt,t-5a16d2aaf84d3252,c991ab335e062c7104e3db4c560b2f66fed6469378f5da622ce6bfbedb1cfb1b
t-0adb48175bf49373,secondary,C,user_silence,typical_v2/mechanism_gate/t-9bd6cafdad8f73a9.txt,t-9bd6cafdad8f73a9,32e6a1445a921c1d69285b155c03c17978fee4c65aae760dcd0e804bf071875d
t-bef42c8c51aef766,secondary,C,user_silence,typical_v2/mechanism_gate/t-c186d184bd475641.txt,t-c186d184bd475641,8a8cba686311e9ea249b63627ebf1922ed947c4a622a3024896c25b68a134259
t-ae72af3574d27df8,primary,C,user_silence,typical_v2/mechanism_gate/t-edd4639ddd9db42b.txt,t-edd4639ddd9db42b,79da741cc09b6c6faa09c8b72998842c56b0d4de286b0dd995c3fae70c6475b0
t-3c3aa5e7e58ca7fa,primary,C,user_silence,typical_v2/mechanism_gate/t-00a854c674038ff5.txt,t-00a854c674038ff5,da61d007cdf9164c8a4a3de683d112bd9e070077e22df7ff03584b6c8b172ea6
t-4c305490423a8b41,secondary,C,user_silence,typical_v2/mechanism_gate/t-6b38603d8bc926f5.txt,t-6b38603d8bc926f5,3156dfcb94d443feaa4474ca1e1855a25849d82acf2048c7525e1ef58cf3fe9b
t-c6b3031519a2d94a,primary,C,user_silence,typical_v2/mechanism_gate/t-8a8e03ad7c39a076.txt,t-8a8e03ad7c39a076,60d4c19f1c82194581cb63640cc6773e49d384b8695f6f3c579b950556956aa0
t-5f49d88b5010748f,secondary,C,user_silence,typical_v2/mechanism_gate/t-a4f926f97c2afff1.txt,t-a4f926f97c2afff1,14a32f2a3cbe9755653300bf8bd2083db5dafbd80b47aa809f0c6bb117040efc
t-424d5929f9e12763,primary,C,user_silence,typical_v2/mechanism_gate/t-84d3668509638183.txt,t-84d3668509638183,3771db529f376a95b111567d4bd6dc0611db84e026a51e87cbc7a1f00d7af66c
t-60d7222305789e00,secondary,C,user_silence,typical_v2/mechanism_gate/t-36999ab5d1a0a6ad.txt,t-36999ab5d1a0a6ad,0b052ee618b2e3e9fce31b33506457a00e731dde24edcba1dab96f4e98ceb541
t-69e301efdc7c137e,primary,C,user_silence,typical_v2/mechanism_gate/t-a87863e48ab52981.txt,t-a87863e48ab52981,f25e3464006e5abccd48c869f1bbb4fe5dde1a0eab80e6db6c5d0c1857fe9246
t-c27f659f84d2f01a,secondary,C,user_silence,typical_v2/mechanism_gate/t-ad82dec044beecac.txt,t-ad82dec044beecac,fdf3cfcc325b9b196269a4da25838a69728931af25f7c0cc10b69ef3665f7b40
t-5da8ae12fda3d927,secondary,C,user_silence,typical_v2/mechanism_gate/t-a47da02c06c87b17.txt,t-a47da02c06c87b17,8337715a89cd0a2dfaf80aee1e67a0bc12e17e0a7ef47b21045e35e38def815b
t-443ef0bc1b54720f,primary,C,user_silence,typical_v2/mechanism_gate/t-fecba7e1d4e1e316.txt,t-fecba7e1d4e1e316,ddc12fa27cd2b76dd8eec148fa80a9bebcbe5a8bb5350fbc12e6c08dc63b0865
t-949bc67e4f5e6bb2,secondary,C,user_silence,typical_v2/mechanism_gate/t-1c1f0e6e9caab4c5.txt,t-1c1f0e6e9caab4c5,25216fda79f11d8cd75bbff65579b786bda9fd951fcf4b40e48e9d142ff5e8a2
t-3741230b0c2097cd,primary,C,user_silence,typical_v2/mechanism_gate/t-37097b8c8cdeafec.txt,t-37097b8c8cdeafec,5480fabb292fcfb11126130758de97dcf35f843bb30092db3eac39f4d3676deb
t-9ca8e0357d3dfd55,primary,C,user_silence,typical_v2/mechanism_gate/t-ecb3d6235ed8ad47.txt,t-ecb3d6235ed8ad47,74744eba2f3240825c9d7d5cd820f3014a53665ec7b9e91ca4df3cd465aab3ba
t-8a45beb02100eb91,secondary,C,user_silence,typical_v2/mechanism_gate/t-c82ebb079ada6ee8.txt,t-c82ebb079ada6ee8,9718817185ca8c552da7caebc2bea66e6882e693bedf7f11d92af8350086dad9
t-e21eb44e5f90f755,primary,C,user_silence,typical_v2/mechanism_gate/t-8e29486ed094b497.txt,t-8e29486ed094b497,7fc58138fe9d5c124b757b15506846d1681edd5acb89ceb5952ef708a0e47d1c
t-16d421ddad6c72fb,secondary,C,user_silence,typical_v2/mechanism_gate/t-b0edb1c4db8d17f2.txt,t-b0edb1c4db8d17f2,4833576b192afd9c884fa1c537bb2454a83d8e703240133b51db2b5dd02dfa6a
t-414bc67712be814b,secondary,C,user_silence,typical_v2/mechanism_gate/t-b0b72baeb8371cdb.txt,t-b0b72baeb8371cdb,124bfcc982f22c25ffd4b2ed461275daee66c5f1c10607b7ec549ec1fce7c398
t-adcbbc7f99c143dd,primary,C,user_silence,typical_v2/mechanism_gate/t-e21c0851dcc91437.txt,t-e21c0851dcc91437,9efdb7e9ea2c876254e1d448a41d2ce2c891da749b11a6353ae0152b7f5f82a4
t-703c5bbe62fa3582,secondary,C,user_silence,typical_v2/mechanism_gate/t-40f639db5b4f3893.txt,t-40f639db5b4f3893,88a549853ebddb657f6016b68e9b0169cce4c0731235a9c0524d19ae2786a840
t-211a87c1671f5eac,primary,C,user_silence,typical_v2/mechanism_gate/t-69ae74e014ec2b9f.txt,t-69ae74e014ec2b9f,bfe0ba96336e1dcb3705d54f32efa571d63d2d7c682030645599dad1249397cd
