run_index,block,replicate,slot_id,trial_id,retry_trial_id_1,retry_trial_id_2,random_seed
1,3,1,t-a0214889b40e2d29,t-61ec449460572648,t-a3191f7cb5b84e53,t-6521227b11913a67,2026100812
2,3,1,t-4d6145c7102f2fac,t-fd723873fca5901d,t-0dd68ad8d829da1f,t-632dcf3f284656b1,2026100812
3,1,2,t-91dfbba5f03fd00a,t-08e04c37b1c9140f,t-0fedaa53bb450f34,t-7734097d608efece,2026100812
4,1,2,t-9d008fc5de7f3da9,t-10eb463b08bd857e,t-d01eea66584c5fff,t-a5bb9a6964707f5a,2026100812
5,2,3,t-dc59ce442bd4544f,t-6107627a3b63075c,t-fb6fa0edc895273f,t-d167872de27808ea,2026100812
6,2,3,t-54130fae6a1bd604,t-586799c744192ac4,t-c2d38e8811bc7d1e,t-dcce97632a8ba9ae,2026100812
7,12,4,t-4e122a9ac85a9fa4,t-d4880ddfaccd872a,t-574232ae11b887a1,t-fde897a56b1dbad3,2026100812
8,12,4,t-0ff6f5ddfecff142,t-099392f70e9a439d,t-8c53997357c7d5fd,t-a744584ea750fc1b,2026100812
9,6,5,t-bc0c12e75b18e64b,t-00e3a667b3945bde,t-d25fff312bfb120d,t-c1c9abd875abd128,2026100812
10,6,5,t-03a189c9406907c3,t-6441927a7f243dc5,t-59952576784c914d,t-f1f6a51a44a94968,2026100812
11,8,6,t-356a048890557285,t-55714fe6ff6f851c,t-4917fefa1626850a,t-cad982b2e4310139,2026100812
12,8,6,t-5092d1f5f4652720,t-4db57e846abe0ae6,t-266314c680af4b13,t-9b4209d44b3f6a99,2026100812
13,16,7,t-4be588e164ce23cb,t-8e55e4fd5edbe740,t-546557ac1a25d20f,t-3db75a37a6cc4526,2026100812
14,16,7,t-2791f0360686cab6,t-ae317b58ca2122a7,t-a135d558b4f9fbe5,t-79a90c58aa23b770,2026100812
15,9,8,t-b22b75a57d47688a,t-3f97922135eec369,t-dd57ac2ff508d592,t-a04ab57df8369a39,2026100812
16,9,8,t-06a6c0806c8751bc,t-68924b100a2c39f6,t-8684453339644443,t-310a2d2b391fa022,2026100812
17,4,9,t-cf28c7517988c5ff,t-464f2bf7b7a0c465,t-e244b3dc434e44b5,t-cc838857e0ed2451,2026100812
18,4,9,t-0d862b03b9ba1f11,t-997262ad807ee9e9,t-2472b44cf5b9515b,t-729f24bb08fa36e9,2026100812
19,18,10,t-942c7ba34e51f25b,t-554f7a5a05b6c2e4,t-be700e2a9cc30c85,t-0bcb944d6c6ad454,2026100812
20,18,10,t-5b9720481399d7e2,t-b8847b930a549a2c,t-84f2b70f320f7599,t-a5a3685f4bb317a4,2026100812
21,13,11,t-1f3a1b7682df1bd5,t-b19f309e2a00ba7d,t-9e424c97ba53c54c,t-faff219b30286012,2026100812
22,13,11,t-69cc86884932bdfd,t-efe5477ccb6e9d01,t-6ba6dedb06229b7b,t-d941854c46a3b986,2026100812
23,17,12,t-3e0a8e067b6ae2cf,t-100914dcf265e83b,t-c1d54c239af338ea,t-a44b464e28c4e826,2026100812
24,17,12,t-ff80ad7eab9bceba,t-57ea6facb6f357d7,t-9b4237a8a9034abf,t-1b7c2d274b206530,2026100812
25,7,13,t-64787e7b274f4157,t-8ace17e5af8e0e23,t-e1a68f561dd4ed76,t-00d1bf5f00e17292,2026100812
26,7,13,t-7e06aa97309c23f9,t-0ed9acfb5d932779,t-3934db2557415215,t-143ba2a4dd402b3a,2026100812
27,20,14,t-80e76d8f19046432,t-b87a2048821d41b5,t-31bdcd7fc7746ad8,t-c8d4f1526629bb0c,2026100812
28,20,14,t-349eb18c9d0a2aa4,t-3c20289a28f33314,t-3184fa4ae3240d02,t-98c5621f3dc0eeb6,2026100812
29,5,15,t-46fb298fa4c1aa89,t-45420c87710fc286,t-c71db28ca06c9355,t-f1315315923a01f0,2026100812
30,5,15,t-0a37912b4487bf73,t-077753321b5de880,t-5a88ee96c3d89275,t-c72bdd533edac234,2026100812
31,11,16,t-e608fdf98cf4b69c,t-7477097912596317,t-8b26c6fe888d98c6,t-5394d00b5e4a620b,2026100812
32,11,16,t-6b54dd1073eef53d,t-0384cd6aaa8303d3,t-3b9199922d883aeb,t-630db338c8fea310,2026100812
33,10,17,t-6de79e2cfa29971e,t-4f5fdb18124b8fb6,t-96f8de65715f2345,t-6900d14733d16e3f,2026100812
34,10,17,t-07db49c83011cc47,t-8615c4a5f31380a5,t-dcceddd4c6bbab29,t-64455fbc65db6dff,2026100812
35,15,18,t-6fcbd3719fbd46cc,t-302e46e1834e2776,t-2662e9630d903e26,t-0ab40f55cdb1d2ac,2026100812
36,15,18,t-b6410b37b8edbcb1,t-30cb5edc909998b5,t-a1d5036730b7e275,t-83a8969519b6264b,2026100812
37,19,19,t-6abfba232d172303,t-ae4261409036ac45,t-2b17b1e518b85025,t-df4e779ef38d054d,2026100812
38,19,19,t-2640c472e18e4b17,t-eb0318bf39903102,t-723cbc7c938b5b6c,t-60121852cf6ff16e,2026100812
39,14,20,t-c5dfb95d3d157708,t-cb39ccc738fa1d12,t-bea8e1ffa50ccd07,t-80b4ea456f982151,2026100812
40,14,20,t-a381e80aff7bbd37,t-dd595f53fbfb6aa1,t-c9afe809c0295487,t-c9969c9c893c3423,2026100812
