run_index,block,trial_id,arm_code,user_condition,replicate,random_seed
1,6,t-db5258e621b50bcd,arm_xzgm,user_silence,6,2014070042
2,6,t-0d9330d043cc49de,arm_tywv,user_silence,6,2014070042
3,8,t-c55a4b6ef26eb17a,arm_xzgm,user_silence,8,2014070042
4,8,t-672a43dcece55841,arm_tywv,user_silence,8,2014070042
5,14,t-1239d53f060125ba,arm_xzgm,user_silence,14,2014070042
6,14,t-51bad12630ee6156,arm_tywv,user_silence,14,2014070042
7,4,t-e62de0ed9e2f959c,arm_tywv,user_silence,4,2014070042
8,4,t-95b09d53b4ddf50e,arm_xzgm,user_silence,4,2014070042
9,20,t-d64be5c52942f543,arm_xzgm,user_silence,20,2014070042
10,20,t-5906a1a46c6824a3,arm_tywv,user_silence,20,2014070042
11,16,t-9b3e24f524ed72ff,arm_tywv,user_silence,16,2014070042
12,16,t-57c406a9dbfbadc8,arm_xzgm,user_silence,16,2014070042
13,17,t-f3fc3c22c792d395,arm_tywv,user_silence,17,2014070042
14,17,t-c4d1f1e83b728976,arm_xzgm,user_silence,17,2014070042
15,18,t-18ab695188dae531,arm_xzgm,user_silence,18,2014070042
16,18,t-c3f544356cb997f7,arm_tywv,user_silence,18,2014070042
17,13,t-64ddb055cec15e3a,arm_xzgm,user_silence,13,2014070042
18,13,t-46ac5c77a89c84c3,arm_tywv,user_silence,13,2014070042
19,19,t-c08f573cec114fc0,arm_tywv,user_silence,19,2014070042
20,19,t-9fc186c5d3455f41,arm_xzgm,user_silence,19,2014070042
21,3,t-9f16d32c77c5e86b,arm_tywv,user_silence,3,2014070042
22,3,t-d72846deee98e993,arm_xzgm,user_silence,3,2014070042
23,5,t-15a53cde7b24129a,arm_xzgm,user_silence,5,2014070042
24,5,t-ac1ab87b9c6b0f3a,arm_tywv,user_silence,5,2014070042
25,15,t-1a1d973a8c76a6a6,arm_xzgm,user_silence,15,2014070042
26,15,t-e4b6d23cbdd61c96,arm_tywv,user_silence,15,2014070042
27,10,t-673c3efdb512b48e,arm_tywv,user_silence,10,2014070042
28,10,t-efbe854502779e98,arm_xzgm,user_silence,10,2014070042
29,12,t-f3466add34922833,arm_xzgm,user_silence,12,2014070042
30,12,t-911cb751fd6fe3bb,arm_tywv,user_silence,12,2014070042
31,7,t-639f9a1451d1c71f,arm_tywv,user_silence,7,2014070042
32,7,t-892b8fc95351939e,arm_xzgm,user_silence,7,2014070042
33,1,t-2246d35ee33bcfc9,arm_xzgm,user_silence,1,2014070042
34,1,t-a5d90365429ff2be,arm_tywv,user_silence,1,2014070042
35,11,t-097b929184e012ec,arm_tywv,user_silence,11,2014070042
36,11,t-8ec05085b175ea9a,arm_xzgm,user_silence,11,2014070042
37,2,t-f4bf1dac3eb5c218,arm_xzgm,user_silence,2,2014070042
38,2,t-374fdfb27b80c493,arm_tywv,user_silence,2,2014070042
39,9,t-f3740058cf53ce51,arm_xzgm,user_silence,9,2014070042
40,9,t-b23e7020eaf17f0b,arm_tywv,user_silence,9,2014070042
