run_index,trial_id,retry_trial_id,user_condition,cell,random_seed
1,t-a29d9a8c2d8db39e,t-db0900f71862c902,user_silence,C,2026100808
2,t-393553d5afc07a20,t-4d160f6e45986094,user_silence,C,2026100808
3,t-674f78e449e21eae,t-5dac44b97702d999,user_silence,C,2026100808
4,t-a96cf97b28ef5044,t-f18e0a72d8ce5550,user_silence,C,2026100808
5,t-944e011df8f23b94,t-afd305799a1cdd9f,user_silence,C,2026100808
6,t-adb6ee246c17ef40,t-0732a0debde7edfd,user_silence,C,2026100808
7,t-60f4eb71be9933ae,t-82d3724a90d80d3b,user_silence,C,2026100808
8,t-6322d3e122a0813f,t-dbd3f4fbc3f6ad54,user_silence,C,2026100808
9,t-2a5f2837dfc53929,t-764d31513fe9c178,user_silence,C,2026100808
10,t-6e9abb5e35409905,t-e76196768ac8ff1e,user_silence,C,2026100808
11,t-bc7b58422710e3d1,t-9b0dfa84b4f9a205,user_silence,C,2026100808
12,t-2e271d07661542fc,t-1a1db1d05b7a3558,user_silence,C,2026100808
13,t-09b50a8fb92aa0fd,t-48d759c574aab2e0,user_silence,C,2026100808
14,t-79a77178240c6c4f,t-fdcdb88930ce7b87,user_silence,C,2026100808
15,t-2c53f3331f75fc17,t-ed87131a9f24985d,user_silence,C,2026100808
16,t-8aaef612dd9be1b3,t-1752ef249373bec5,user_silence,C,2026100808
17,t-a7aa3b9b21058f72,t-a70db15f401db065,user_silence,C,2026100808
18,t-1f997ee4129b8ba0,t-b91e34d5c51500a5,user_silence,C,2026100808
19,t-01ba5aa6c86aff99,t-dfa393c1464b54de,user_silence,C,2026100808
20,t-49bc3804555f322a,t-6ad719cde41b90b4,user_silence,C,2026100808
